{
    "0": {
        "precision": 0.6780784097183876,
        "recall": 0.6146146146146146,
        "f1-score": 0.6447886584405357,
        "support": 1998.0
    },
    "1": {
        "precision": 0.8122137404580153,
        "recall": 0.6794380587484036,
        "f1-score": 0.7399165507649513,
        "support": 1566.0
    },
    "2": {
        "precision": 0.6121521862578081,
        "recall": 0.7486111111111111,
        "f1-score": 0.6735395189003437,
        "support": 1440.0
    },
    "3": {
        "precision": 0.8562691131498471,
        "recall": 0.8974358974358975,
        "f1-score": 0.8763693270735524,
        "support": 936.0
    },
    "4": {
        "precision": 0.7374265186152841,
        "recall": 0.527077497665733,
        "f1-score": 0.6147563299754969,
        "support": 2142.0
    },
    "5": {
        "precision": 0.5752996352266806,
        "recall": 0.7258382642998028,
        "f1-score": 0.6418604651162791,
        "support": 1521.0
    },
    "6": {
        "precision": 0.7037037037037037,
        "recall": 0.7483833039388595,
        "f1-score": 0.7253561253561255,
        "support": 1701.0
    },
    "7": {
        "precision": 0.6768743400211193,
        "recall": 0.8379084967320262,
        "f1-score": 0.7488317757009345,
        "support": 765.0
    },
    "accuracy": 0.6924351644709587,
    "macro avg": {
        "precision": 0.7065022058938557,
        "recall": 0.722413405568306,
        "f1-score": 0.7081773439160275,
        "support": 12069.0
    },
    "weighted avg": {
        "precision": 0.7025521283009336,
        "recall": 0.6924351644709587,
        "f1-score": 0.6907731012768914,
        "support": 12069.0
    }
}