{
    "0": {
        "precision": 0.6283376399655469,
        "recall": 0.7302302302302303,
        "f1-score": 0.675462962962963,
        "support": 1998.0
    },
    "1": {
        "precision": 0.8556311413454271,
        "recall": 0.722860791826309,
        "f1-score": 0.7836621668397369,
        "support": 1566.0
    },
    "2": {
        "precision": 0.692722371967655,
        "recall": 0.7138888888888889,
        "f1-score": 0.7031463748290014,
        "support": 1440.0
    },
    "3": {
        "precision": 0.8253968253968254,
        "recall": 0.9444444444444444,
        "f1-score": 0.8809167912306926,
        "support": 936.0
    },
    "4": {
        "precision": 0.729375,
        "recall": 0.5448179271708683,
        "f1-score": 0.623730625334046,
        "support": 2142.0
    },
    "5": {
        "precision": 0.5462102689486552,
        "recall": 0.7343852728468113,
        "f1-score": 0.6264722378014582,
        "support": 1521.0
    },
    "6": {
        "precision": 0.7927152317880795,
        "recall": 0.7037037037037037,
        "f1-score": 0.7455621301775148,
        "support": 1701.0
    },
    "7": {
        "precision": 0.8221288515406162,
        "recall": 0.7673202614379085,
        "f1-score": 0.7937795807978364,
        "support": 765.0
    },
    "accuracy": 0.7101665423813075,
    "macro avg": {
        "precision": 0.7365646663691007,
        "recall": 0.7327064400686456,
        "f1-score": 0.7290916087466561,
        "support": 12069.0
    },
    "weighted avg": {
        "precision": 0.7238273979595619,
        "recall": 0.7101665423813075,
        "f1-score": 0.7107628374778823,
        "support": 12069.0
    }
}