{
    "0": {
        "precision": 0.6234488660676081,
        "recall": 0.7292292292292293,
        "f1-score": 0.6722029988465975,
        "support": 1998.0
    },
    "1": {
        "precision": 0.8780068728522337,
        "recall": 0.6526181353767561,
        "f1-score": 0.7487179487179487,
        "support": 1566.0
    },
    "2": {
        "precision": 0.676056338028169,
        "recall": 0.7333333333333333,
        "f1-score": 0.7035309793471018,
        "support": 1440.0
    },
    "3": {
        "precision": 0.8126721763085399,
        "recall": 0.9455128205128205,
        "f1-score": 0.874074074074074,
        "support": 936.0
    },
    "4": {
        "precision": 0.7083109919571046,
        "recall": 0.6167133520074697,
        "f1-score": 0.6593461442475668,
        "support": 2142.0
    },
    "5": {
        "precision": 0.5990703079604881,
        "recall": 0.6778435239973701,
        "f1-score": 0.6360271437384332,
        "support": 1521.0
    },
    "6": {
        "precision": 0.7702871410736579,
        "recall": 0.7254556143445032,
        "f1-score": 0.7471995155918861,
        "support": 1701.0
    },
    "7": {
        "precision": 0.8052126200274349,
        "recall": 0.7673202614379085,
        "f1-score": 0.7858099062918341,
        "support": 765.0
    },
    "accuracy": 0.7119893943160163,
    "macro avg": {
        "precision": 0.7341331642844044,
        "recall": 0.7310032837799239,
        "f1-score": 0.7283635888569302,
        "support": 12069.0
    },
    "weighted avg": {
        "precision": 0.7216360962418042,
        "recall": 0.7119893943160163,
        "f1-score": 0.7124550106819509,
        "support": 12069.0
    }
}