{
    "0": {
        "precision": 0.5984908657664814,
        "recall": 0.7542542542542543,
        "f1-score": 0.6674047829937998,
        "support": 1998.0
    },
    "1": {
        "precision": 0.8419753086419753,
        "recall": 0.6532567049808429,
        "f1-score": 0.7357065803667746,
        "support": 1566.0
    },
    "2": {
        "precision": 0.6708771929824562,
        "recall": 0.6638888888888889,
        "f1-score": 0.6673647469458989,
        "support": 1440.0
    },
    "3": {
        "precision": 0.8693877551020408,
        "recall": 0.9102564102564102,
        "f1-score": 0.8893528183716074,
        "support": 936.0
    },
    "4": {
        "precision": 0.6522476675148431,
        "recall": 0.7180205415499533,
        "f1-score": 0.6835555555555556,
        "support": 2142.0
    },
    "5": {
        "precision": 0.6889279437609842,
        "recall": 0.5154503616042078,
        "f1-score": 0.5896953742008274,
        "support": 1521.0
    },
    "6": {
        "precision": 0.7691326530612245,
        "recall": 0.708994708994709,
        "f1-score": 0.737840318140104,
        "support": 1701.0
    },
    "7": {
        "precision": 0.7174163783160323,
        "recall": 0.8130718954248366,
        "f1-score": 0.7622549019607844,
        "support": 765.0
    },
    "accuracy": 0.7032894191730881,
    "macro avg": {
        "precision": 0.7260569706432548,
        "recall": 0.7171492207442629,
        "f1-score": 0.7166468848169191,
        "support": 12069.0
    },
    "weighted avg": {
        "precision": 0.7122562149599112,
        "recall": 0.7032894191730881,
        "f1-score": 0.7024877603935434,
        "support": 12069.0
    }
}