{
    "0": {
        "precision": 0.6428226196230062,
        "recall": 0.6656656656656657,
        "f1-score": 0.6540447504302925,
        "support": 1998.0
    },
    "1": {
        "precision": 0.7985507246376812,
        "recall": 0.7037037037037037,
        "f1-score": 0.748133061778683,
        "support": 1566.0
    },
    "2": {
        "precision": 0.6781376518218624,
        "recall": 0.6979166666666666,
        "f1-score": 0.6878850102669404,
        "support": 1440.0
    },
    "3": {
        "precision": 0.8243761996161229,
        "recall": 0.9177350427350427,
        "f1-score": 0.8685540950455005,
        "support": 936.0
    },
    "4": {
        "precision": 0.737183646982479,
        "recall": 0.5303454715219421,
        "f1-score": 0.6168884061906055,
        "support": 2142.0
    },
    "5": {
        "precision": 0.5602035048049746,
        "recall": 0.6515450361604208,
        "f1-score": 0.6024316109422493,
        "support": 1521.0
    },
    "6": {
        "precision": 0.6761761761761762,
        "recall": 0.7942386831275721,
        "f1-score": 0.7304676939713436,
        "support": 1701.0
    },
    "7": {
        "precision": 0.7868020304568528,
        "recall": 0.8104575163398693,
        "f1-score": 0.7984546039922731,
        "support": 765.0
    },
    "accuracy": 0.6955008699975143,
    "macro avg": {
        "precision": 0.7130315692648944,
        "recall": 0.7214509732401104,
        "f1-score": 0.7133574040772359,
        "support": 12069.0
    },
    "weighted avg": {
        "precision": 0.7014848373414161,
        "recall": 0.6955008699975143,
        "f1-score": 0.6937522246793361,
        "support": 12069.0
    }
}