{
    "0": {
        "precision": 0.65625,
        "recall": 0.6621621621621622,
        "f1-score": 0.6591928251121075,
        "support": 1998.0
    },
    "1": {
        "precision": 0.8411985018726592,
        "recall": 0.7171136653895275,
        "f1-score": 0.7742157876594278,
        "support": 1566.0
    },
    "2": {
        "precision": 0.6371477860839563,
        "recall": 0.7694444444444445,
        "f1-score": 0.6970745517458321,
        "support": 1440.0
    },
    "3": {
        "precision": 0.8922279792746114,
        "recall": 0.9198717948717948,
        "f1-score": 0.9058390320883745,
        "support": 936.0
    },
    "4": {
        "precision": 0.7489986648865153,
        "recall": 0.5238095238095238,
        "f1-score": 0.6164835164835164,
        "support": 2142.0
    },
    "5": {
        "precision": 0.553046218487395,
        "recall": 0.6923076923076923,
        "f1-score": 0.6148905109489051,
        "support": 1521.0
    },
    "6": {
        "precision": 0.7142088266953713,
        "recall": 0.7801293356848913,
        "f1-score": 0.7457150885080079,
        "support": 1701.0
    },
    "7": {
        "precision": 0.8249336870026526,
        "recall": 0.8130718954248366,
        "f1-score": 0.8189598420013167,
        "support": 765.0
    },
    "accuracy": 0.7075151213853674,
    "macro avg": {
        "precision": 0.7335014580378951,
        "recall": 0.7347388142618592,
        "f1-score": 0.729046394318436,
        "support": 12069.0
    },
    "weighted avg": {
        "precision": 0.7185851750573052,
        "recall": 0.7075151213853674,
        "f1-score": 0.7069238280504994,
        "support": 12069.0
    }
}