{
    "0": {
        "precision": 0.6012708498808578,
        "recall": 0.7577577577577578,
        "f1-score": 0.6705048715677591,
        "support": 1998.0
    },
    "1": {
        "precision": 0.8557175748273216,
        "recall": 0.7120051085568327,
        "f1-score": 0.7772743116068317,
        "support": 1566.0
    },
    "2": {
        "precision": 0.6976421636615812,
        "recall": 0.6986111111111111,
        "f1-score": 0.6981263011797362,
        "support": 1440.0
    },
    "3": {
        "precision": 0.922497308934338,
        "recall": 0.9155982905982906,
        "f1-score": 0.919034852546917,
        "support": 936.0
    },
    "4": {
        "precision": 0.727803738317757,
        "recall": 0.5816993464052288,
        "f1-score": 0.6466009340944474,
        "support": 2142.0
    },
    "5": {
        "precision": 0.5849825378346915,
        "recall": 0.6607495069033531,
        "f1-score": 0.6205619018215498,
        "support": 1521.0
    },
    "6": {
        "precision": 0.7266065388951521,
        "recall": 0.7577895355673133,
        "f1-score": 0.7418705035971223,
        "support": 1701.0
    },
    "7": {
        "precision": 0.8736998514115899,
        "recall": 0.7686274509803922,
        "f1-score": 0.8178025034770515,
        "support": 765.0
    },
    "accuracy": 0.7142265307813406,
    "macro avg": {
        "precision": 0.7487775704704112,
        "recall": 0.7316047634850349,
        "f1-score": 0.7364720224864268,
        "support": 12069.0
    },
    "weighted avg": {
        "precision": 0.7260342392568131,
        "recall": 0.7142265307813406,
        "f1-score": 0.715786999447423,
        "support": 12069.0
    }
}