{
    "0": {
        "precision": 0.6364049024058103,
        "recall": 0.7017017017017017,
        "f1-score": 0.6674601285408237,
        "support": 1998.0
    },
    "1": {
        "precision": 0.845229151014275,
        "recall": 0.7183908045977011,
        "f1-score": 0.7766655160510874,
        "support": 1566.0
    },
    "2": {
        "precision": 0.6806181584030908,
        "recall": 0.7340277777777777,
        "f1-score": 0.7063147343802205,
        "support": 1440.0
    },
    "3": {
        "precision": 0.9176598049837487,
        "recall": 0.9049145299145299,
        "f1-score": 0.9112426035502958,
        "support": 936.0
    },
    "4": {
        "precision": 0.7453544390915348,
        "recall": 0.5056022408963585,
        "f1-score": 0.6025034770514603,
        "support": 2142.0
    },
    "5": {
        "precision": 0.536,
        "recall": 0.7047994740302432,
        "f1-score": 0.6089179210451576,
        "support": 1521.0
    },
    "6": {
        "precision": 0.6986807387862797,
        "recall": 0.7783656672545561,
        "f1-score": 0.7363737486095663,
        "support": 1701.0
    },
    "7": {
        "precision": 0.8509142053445851,
        "recall": 0.7908496732026143,
        "f1-score": 0.8197831978319783,
        "support": 765.0
    },
    "accuracy": 0.7055265556384125,
    "macro avg": {
        "precision": 0.7388576750036655,
        "recall": 0.7298314836719353,
        "f1-score": 0.7286576658825737,
        "support": 12069.0
    },
    "weighted avg": {
        "precision": 0.7196450479209993,
        "recall": 0.7055265556384125,
        "f1-score": 0.7056336339275343,
        "support": 12069.0
    }
}