{
    "0": {
        "precision": 0.543879472693032,
        "recall": 0.7227227227227228,
        "f1-score": 0.6206748334407909,
        "support": 1998.0
    },
    "1": {
        "precision": 0.7798789712556732,
        "recall": 0.6583652618135377,
        "f1-score": 0.71398891966759,
        "support": 1566.0
    },
    "2": {
        "precision": 0.6866251944012441,
        "recall": 0.6131944444444445,
        "f1-score": 0.6478356566397653,
        "support": 1440.0
    },
    "3": {
        "precision": 0.7733105218135158,
        "recall": 0.9658119658119658,
        "f1-score": 0.8589073634204275,
        "support": 936.0
    },
    "4": {
        "precision": 0.7362637362637363,
        "recall": 0.5004668534080299,
        "f1-score": 0.5958866036687049,
        "support": 2142.0
    },
    "5": {
        "precision": 0.5795180722891566,
        "recall": 0.6324786324786325,
        "f1-score": 0.6048412448915436,
        "support": 1521.0
    },
    "6": {
        "precision": 0.7008009153318078,
        "recall": 0.720164609053498,
        "f1-score": 0.7103508263264716,
        "support": 1701.0
    },
    "7": {
        "precision": 0.8020698576972833,
        "recall": 0.8104575163398693,
        "f1-score": 0.8062418725617685,
        "support": 765.0
    },
    "accuracy": 0.6745380727483635,
    "macro avg": {
        "precision": 0.7002933427181812,
        "recall": 0.7029577507590876,
        "f1-score": 0.6948409150771327,
        "support": 12069.0
    },
    "weighted avg": {
        "precision": 0.6864438058603747,
        "recall": 0.6745380727483635,
        "f1-score": 0.6725055953075162,
        "support": 12069.0
    }
}