{
    "0": {
        "precision": 0.7266233766233766,
        "recall": 0.56006006006006,
        "f1-score": 0.6325607687959299,
        "support": 1998.0
    },
    "1": {
        "precision": 0.8296751536435469,
        "recall": 0.603448275862069,
        "f1-score": 0.6987060998151571,
        "support": 1566.0
    },
    "2": {
        "precision": 0.5644141954302382,
        "recall": 0.80625,
        "f1-score": 0.6639977123248498,
        "support": 1440.0
    },
    "3": {
        "precision": 0.928927680798005,
        "recall": 0.7959401709401709,
        "f1-score": 0.857307249712313,
        "support": 936.0
    },
    "4": {
        "precision": 0.6642402183803457,
        "recall": 0.6816059757236228,
        "f1-score": 0.6728110599078341,
        "support": 2142.0
    },
    "5": {
        "precision": 0.5988840669559826,
        "recall": 0.6351084812623274,
        "f1-score": 0.6164645820038289,
        "support": 1521.0
    },
    "6": {
        "precision": 0.7156919513607412,
        "recall": 0.7266313932980599,
        "f1-score": 0.721120186697783,
        "support": 1701.0
    },
    "7": {
        "precision": 0.6606243705941591,
        "recall": 0.857516339869281,
        "f1-score": 0.7463026166097838,
        "support": 765.0
    },
    "accuracy": 0.686718037948463,
    "macro avg": {
        "precision": 0.7111351267232995,
        "recall": 0.7083200871269488,
        "f1-score": 0.7011587844834349,
        "support": 12069.0
    },
    "weighted avg": {
        "precision": 0.7034362759239109,
        "recall": 0.686718037948463,
        "f1-score": 0.6871304431745073,
        "support": 12069.0
    }
}